{"cameraMode":{"drawMode":0,"name":"Shaded","section":"Shading Mode"},"sceneLighting":true,"audioPlay":false,"sceneViewState":{"showFog":true,"showMaterialUpdate":true,"showSkybox":true,"showFlares":true,"showImageEffects":true,"showParticleSystems":true},"in2DMode":false,"pivot":{"x":496.8179016113281,"y":415.7415771484375,"z":-98.33618927001953},"rotation":{"x":0.00036222688504494727,"y":-0.9994305968284607,"z":0.01139241736382246,"w":0.03178936243057251},"size":424.7603454589844,"orthographic":true}